{
    "Frequency": "1H",
    "Strategy": "MA",
    "Short_Window": 8,
    "Long_Window": 46,
    "Final_Balance": 13776.920575805245,
    "Total_Return": 37.76920575805245,
    "Total_Trades": 109.0,
    "Average_Trades_Per_Day": 1.211111111111111,
    "Profit_Factor": 1.0957339390612522,
    "Sharpe_Ratio": 0.488629276076593
}