{
    "Strategy": "RSI",
    "RSI_Window": 14,
    "Overbought": 80,
    "Oversold": 35,
    "Final_Balance": 10387.115487620116,
    "Total_Return": 3.8711548762011625,
    "Total_Trades": 150.0,
    "Average_Trades_Per_Day": 2.459016393442623,
    "Profit_Factor": 1.0809890849471273,
    "Sharpe_Ratio": 0.19779900548185977,
    "Last_Signal_Timestamp": 1736679600,
    "Last_Signal_Action": "GO LONG",
    "Last_Trade_Timestamp": 1736718523,
    "Last_Trade_Price": 94340.0
}