{
    "Frequency": "1H",
    "Strategy": "MA",
    "Short_Window": 8,
    "Long_Window": 46,
    "Final_Balance": 13386.932202933873,
    "Total_Return": 33.869322029338726,
    "Total_Trades": 105.0,
    "Profit_Factor": 1.089118529756082,
    "Sharpe_Ratio": 0.45409203208615,
    "Average_Trades_Per_Day": 1.1666666666666667,
    "start_window_days_back": 90,
    "end_window_days_back": 0
}