{
  "Frequency": "1H",
  "Strategy": "MA",
  "Short_Window": 12,
  "Long_Window": 50,
  "Final_Balance": 11660.551018415277,
  "Total_Return": 16.60551018415277,
  "Total_Trades": 63,
  "Profit_Factor": 1.0671411279131724,
  "Sharpe_Ratio": 0.3478021141144479,
  "Average_Trades_Per_Day": 1.0327868852459017,
  "start_window_days_back": 60,
  "end_window_days_back": 0,
  "do_live_trades": true,
  "max_trades_per_day": 5
}
