{
    "Frequency": "1H",
    "Strategy": "MA",
    "Short_Window": 4,
    "Long_Window": 38,
    "Final_Balance": 10618.439805174325,
    "Total_Return": 6.184398051743247,
    "Total_Trades": 45.0,
    "Average_Trades_Per_Day": 1.4516129032258065,
    "Profit_Factor": 1.066809096929261,
    "Sharpe_Ratio": 0.32466017335103,
    "Last_Signal_Timestamp": 1736715600,
    "Last_Signal_Action": "GO LONG",
    "Last_Trade_Timestamp": 1736718523,
    "Last_Trade_Price": 94340.0
}
